<?xml version="1.0" encoding="utf-8"?>
<lm-config>
  <keys>
    <!--
    Lambda Menu by Oui - https://lambda.menu
	  Use this link to replace keys: https://msdn.microsoft.com/en-us/library/windows/desktop/dd375731(v=vs.85).aspx 
    These Configs Have Been Modified by Shooter; https://github.com/16BitShooter
    -->

			<!--Menu Controls-->   
    <key function="toggle_main_menu" value="VK_F1"/> 
    <key function="menu_up" value="VK_UP"/> 
    <key function="menu_down" value="VK_DOWN"/> 
    <key function="menu_left" value="VK_LEFT"/> 
    <key function="menu_right" value="VK_RIGHT"/> 
    <key function="menu_select" value="VK_RETURN"/> 
    <key function="menu_back" value="VK_BACK"/>
    
    <!--NoClip Controls-->
    <key function="toggle_noclip" value="VK_F2"/> 
    <key function="noclip_up" value="VK_KEY_Q"/> 
    <key function="noclip_down" value="VK_KEY_Z"/> 
    <key function="noclip_forward" value="VK_KEY_W"/> 
    <key function="noclip_back" value="VK_KEY_S"/> 
    <key function="noclip_rotate_left" value="VK_KEY_A"/> 
    <key function="noclip_rotate_right" value="VK_KEY_D"/> 
    <key function="noclip_speed" value="VK_SHIFT"/>

    <!--Editor Controls-->
    <key function="toggle_editor" value="NULL"/>
    <key function="discard_recording" value="NULL"/>

    <!--Player Controls-->
  	<key function="player_ragdoll" value="VK_DELETE"/> 
    <key function="ragdoll_force" value="VK_NUMPAD7"/>
    <key function="pointing_action" value="VK_KEY_B"/>

    <!--Teleport Controls-->	
    <key function="teleport_to_marker" value="NULL/> 

		<!--Vehicle Controls-->
	  <key function="veh_boost" value="NULL"/> 
    <key function="veh_stop" value="NULL"/> 
    <key function="left_signal" value="VK_SUBTRACT"/> 
    <key function="right_signal" value="VK_ADD"/> 
    <key function="interior_light" value="VK_END"/> 
    <key function="front_windows_up" value="VK_PRIOR"/> 
    <key function="front_windows_down" value="VK_NEXT"/> 
    <key function="no_siren" value="NULL"/> 
    <key function="drift_mode" value="VK_SHIFT"/> 

		<!--Game Controls-->
	  <key function="player_names" value="NULL"/>
    <key function="player_names_vehicles" value="NULL"/>
    <key function="map_cycle" value="NULL"/> 
    <key function="push_through_wall" value="NULL"/> 

		<!--Hotkey Modifier One Controls-->
	  <key function="hotkey_modifier_one" value="VK_CONTROL"/>
	  <key function="back_windows_up" value="NULL"/>
    <key function="back_windows_down" value="NULL"/>
	  <key function="door_front_left" value="NULL"/> 
	  <key function="hood" value="NULL"/> 
    <key function="door_front_right" value="NULL"/> 
    <key function="door_back_left" value="NULL"/> 
	  <key function="trunk" value="NULL"/> 
    <key function="door_back_right" value="NULL"/> 
  </keys>
</lm-config>